{"cameraMode":{"drawMode":0,"name":"Shaded","section":"Shading Mode"},"sceneLighting":true,"audioPlay":false,"sceneViewState":{"m_AlwaysRefresh":false,"showFog":true,"showSkybox":true,"showFlares":true,"showImageEffects":true,"showParticleSystems":true,"showVisualEffectGraphs":true,"m_FxEnabled":true},"in2DMode":false,"pivot":{"x":-0.2788238525390625,"y":1.1719627380371094,"z":-0.06912831962108612},"rotation":{"x":-0.07110419869422913,"y":0.8546137809753418,"z":-0.12157443165779114,"w":-0.49981388449668887},"size":5.6660261154174809,"orthographic":false}